INSERT INTO ORDERS (id) VALUES
(1),
(2),
(3);

INSERT INTO JACKET (id, name, size, order_id) VALUES
(1, 'Jacket', 'L', 1),
(2, 'Jacket', 'XL', 1),
(3, 'Hoodie', 'S', 2),
(4,'Coat', 'M', 2),
(5,'Zip hoodie', 'XL', 3),
(6,'Parka', 'S', NULL),
(7,'Parka', 'M', NULL);

INSERT INTO SHOES (id, name, size_uk, order_id) VALUES
(1, 'Diadora', 43, 1),
(2, 'Nike', 42, 1),
(3, 'Puma', 40, 2),
(4,'Scatchers', 35, 2),
(5,'NoName', 40, 3),
(6,'Adidas', 37, NULL),
(7,'NewBalance', 39, NULL);

INSERT INTO ARMOR_VEST (id, name, protection, order_id) VALUES
(1,'Model55', '5', 3),
(2,'Model56', '5', 3),
(3,'model57', '5', 2),
(4,'Model58', '5', 2),
(5,'Model75', '7', 1),
(6,'Model76', '7', NULL),
(7,'Model77', '7', NULL);

INSERT INTO PARACETAMOL (id, name, prescription, description, order_id) VALUES
(1,'Paracetamol', 'Used to treat aches and pain. It can also be used to reduce a high temperature.', 'Any desc', 2),
(2,'Paracetamol', 'Used to treat aches and pain. It can also be used to reduce a high temperature.', 'Any desc', 3),
(3,'Paracetamol', 'Used to treat aches and pain. It can also be used to reduce a high temperature.', 'Any desc', 1),
(4,'Paracetamol', 'Used to treat aches and pain. It can also be used to reduce a high temperature.', 'Any desc', NULL);



INSERT INTO FARMACETRON (id, name, prescription, dosage, order_id) VALUES
(1,'Farmacetron', 'Used to treat colds an flu', 'Any dosage', 1),
(2,'Farmacetron', 'Used to treat colds an flu', 'Any dosage', 2),
(3,'Farmacetron', 'Used to treat colds an flu', 'Any dosage', 3),
(4,'Farmacetron', 'Used to treat colds an flu', 'Any dosage', NULL);


INSERT INTO USER (id, name, age, role, country, experience, salary_expectation, english_level, career) VALUES
(1,'Artur', 22, 'QA', 'UKRAINE', 'TRAINEE', 500, 'BEGINNER', 'blabla'),
(2,'John', 25, 'QA', 'USA', 'TRAINEE', 650, 'NO_ENGLISH', 'blabla'),
(3,'Steve', 30, 'QA', 'ASIA', 'TRAINEE', 600, 'PRE_INTERMEDIATE', 'blabla'),
(4,'Viktoria', 19, 'QA', 'OTHER', 'TRAINEE', 800, 'INTERMEDIATE', 'blabla'),
(5,'Eva', 35, 'QA', 'UKRAINE', 'TRAINEE', 700, 'UPPER_INTERMEDIATE', 'blabla'),
(6,'Adam', 28, 'QA', 'USA', 'TRAINEE', 900, 'ADVANCED', 'blabla'),
(7,'Alfred', 22, 'QA', 'EUROPE', 'TRAINEE', 500, 'BEGINNER', 'blabla'),
(8,'Nastia', 25, 'QA', 'UKRAINE', 'JUNIOR', 1000, 'NO_ENGLISH', 'blabla'),
(9,'Alla', 30, 'QA', 'USA', 'MIDDLE', 2000, 'PRE_INTERMEDIATE', 'blabla'),
(10,'Albert', 26, 'JAVA_DEV', 'EUROPE', 'JUNIOR', 900, 'INTERMEDIATE', 'blabla'),
(11,'Nika', 35, 'QA', 'ASIA', 'SENIOR', 3000, 'UPPER_INTERMEDIATE', 'blabla'),
(12,'Adrian', 28, 'QA', 'OTHER', 'SENIOR', 2700, 'ADVANCED', 'blabla'),
(13,'Adriana', 22, 'QA', 'UKRAINE', 'TRAINEE', 500, 'ADVANCED', 'blabla'),
(14,'Alice', 25, 'PYTHON_DEV', 'USA', 'JUNIOR', 1000, 'NO_ENGLISH', 'blabla'),
(15,'Nata', 30, 'JS_DEV', 'ASIA', 'MIDDLE', 2000, 'PRE_INTERMEDIATE', 'blabla'),
(16,'Stasia', 29, 'JAVA_DEV', 'EUROPE', 'JUNIOR', 900, 'INTERMEDIATE', 'blabla'),
(17,'Anatoliy', 35, 'C_DEV', 'OTHER', 'SENIOR', 3000, 'UPPER_INTERMEDIATE', 'blabla'),
(18,'Angelica', 28, 'HTML_CSS_DEV', 'OTHER', 'SENIOR', 2700, 'ADVANCED', 'blabla'),
(69,'Anton', 22, 'DEV_OPS', 'UKRAINE', 'TRAINEE', 500, 'BEGINNER', 'blabla'),
(70,'Nina', 25, 'DESIGN', 'USA', 'JUNIOR', 1000, 'NO_ENGLISH', 'blabla'),
(71,'Polina', 30, 'SALES', 'ASIA', 'MIDDLE', 2000, 'PRE_INTERMEDIATE', 'blabla'),
(72,'Arsen', 34, 'PROJECT_MANAGER', 'EUROPE', 'JUNIOR', 900, 'INTERMEDIATE', 'blabla'),
(73,'Artem', 35, 'BUSINESS_ANALYST', 'OTHER', 'SENIOR', 3000, 'UPPER_INTERMEDIATE', 'blabla'),
(74,'Bohdan', 28, 'HTML_CSS_DEV', 'OTHER', 'SENIOR', 2700, 'ADVANCED', 'blabla'),


(19,'Daniel', 22, 'QA', 'EUROPE', 'TRAINEE', 500, 'BEGINNER', 'blabla'),
(20,'Dana', 25, 'JS_DEV', 'EUROPE', 'TRAINEE', 650, 'NO_ENGLISH', 'blabla'),
(21,'Marcel', 30, 'PYTHON_DEV', 'EUROPE', 'TRAINEE', 600, 'PRE_INTERMEDIATE', 'blabla'),
(22,'Jerome', 19, 'C_DEV', 'EUROPE', 'TRAINEE', 800, 'INTERMEDIATE', 'blabla'),
(23,'Francisco', 35, 'HTML_CSS_DEV', 'EUROPE', 'TRAINEE', 700, 'UPPER_INTERMEDIATE', 'blabla'),
(24,'Matt', 28, 'DEV_OPS', 'EUROPE', 'TRAINEE', 900, 'ADVANCED', 'blabla'),
(25,'Mecej', 22, 'QA', 'ASIA', 'JUNIOR', 1000, 'BEGINNER', 'blabla'),
(26,'John', 25, 'JS_DEV', 'ASIA', 'JUNIOR', 900, 'NO_ENGLISH', 'blabla'),
(27,'Russ', 30, 'PYTHON_DEV', 'ASIA', 'JUNIOR', 1100, 'PRE_INTERMEDIATE', 'blabla'),
(28,'Courtney', 19, 'C_DEV', 'ASIA', 'JUNIOR', 1500, 'INTERMEDIATE', 'blabla'),
(29,'Bharat', 35, 'HTML_CSS_DEV', 'ASIA', 'JUNIOR', 850, 'UPPER_INTERMEDIATE', 'blabla'),
(30,'Imran', 28, 'DEV_OPS', 'ASIA', 'JUNIOR', 950, 'ADVANCED', 'blabla'),
(31,'Samanta', 22, 'QA', 'USA', 'MIDDLE', 1600, 'BEGINNER', 'blabla'),
(32,'Valeria', 25, 'JS_DEV', 'USA', 'MIDDLE', 1700, 'NO_ENGLISH', 'blabla'),
(33,'Valentin', 30, 'PYTHON_DEV', 'USA', 'MIDDLE', 1800, 'PRE_INTERMEDIATE', 'blabla'),
(34,'Varvara', 19, 'C_DEV', 'USA', 'MIDDLE', 1900, 'INTERMEDIATE', 'blabla'),
(35,'Vira', 35, 'HTML_CSS_DEV', 'USA', 'MIDDLE', 2000, 'UPPER_INTERMEDIATE', 'blabla'),
(36,'Vika', 28, 'DEV_OPS', 'USA', 'MIDDLE', 2100, 'ADVANCED', 'blabla'),
(37,'Vita', 22, 'QA', 'UKRAINE', 'SENIOR', 3000, 'BEGINNER', 'blabla'),
(38,'Inna', 25, 'JS_DEV', 'UKRAINE', 'SENIOR', 2900, 'NO_ENGLISH', 'blabla'),
(39,'Olia', 30, 'PYTHON_DEV', 'UKRAINE', 'SENIOR', 3100, 'PRE_INTERMEDIATE', 'blabla'),
(40,'Vitaliy', 19, 'C_DEV', 'UKRAINE', 'SENIOR', 4000, 'INTERMEDIATE', 'blabla'),
(41,'Vlad', 35, 'HTML_CSS_DEV', 'UKRAINE', 'SENIOR', 3500, 'UPPER_INTERMEDIATE', 'blabla'),
(42,'Volodymyr', 28, 'DEV_OPS', 'UKRAINE', 'SENIOR', 3300, 'ADVANCED', 'blabla'),
(43,'Hanna', 23, 'JAVA_DEV', 'OTHER', 'TRAINEE', 500, 'BEGINNER', 'blabla'),
(44,'George', 25, 'DESIGN', 'OTHER', 'TRAINEE', 650, 'NO_ENGLISH', 'blabla'),
(45,'Daria', 36, 'SALES', 'OTHER', 'TRAINEE', 600, 'PRE_INTERMEDIATE', 'blabla'),
(46,'Diana', 29, 'PROJECT_MANAGER', 'OTHER', 'TRAINEE', 800, 'INTERMEDIATE', 'blabla'),
(47,'Erik', 18, 'BUSINESS_ANALYST', 'OTHER', 'TRAINEE', 700, 'UPPER_INTERMEDIATE', 'blabla'),
(48,'Liza', 24, 'DEV_OPS', 'USA', 'TRAINEE', 900, 'ADVANCED', 'blabla'),
(49,'Ivan', 26, 'JAVA_DEV', 'EUROPE', 'JUNIOR', 1000, 'BEGINNER', 'blabla'),
(50,'Katrine', 21, 'DESIGN', 'EUROPE', 'JUNIOR', 1100, 'NO_ENGLISH', 'blabla'),
(51,'Ihor', 30, 'SALES', 'OTHER', 'JUNIOR', 1200, 'PRE_INTERMEDIATE', 'blabla'),
(52,'Ilona', 19, 'PROJECT_MANAGER', 'USA', 'JUNIOR', 1300, 'INTERMEDIATE', 'blabla'),
(53,'Ira', 35, 'BUSINESS_ANALYST', 'EUROPE', 'JUNIOR', 1400, 'UPPER_INTERMEDIATE', 'blabla'),
(54,'Kate', 28, 'DEV_OPS', 'USA', 'JUNIOR', 1500, 'ADVANCED', 'blabla'),
(55,'Kostia', 22, 'JAVA_DEV', 'ASIA', 'MIDDLE', 1600, 'INTERMEDIATE', 'blabla'),
(56,'Larysa', 25, 'DESIGN', 'ASIA', 'MIDDLE', 1700, 'INTERMEDIATE', 'blabla'),
(57,'Lev', 30, 'SALES', 'OTHER', 'MIDDLE', 1800, 'PRE_INTERMEDIATE', 'blabla'),
(58,'Lera', 19, 'PROJECT_MANAGER', 'USA', 'MIDDLE', 1900, 'INTERMEDIATE', 'blabla'),
(59,'Oksana', 35, 'BUSINESS_ANALYST', 'EUROPE', 'MIDDLE', 2000, 'UPPER_INTERMEDIATE', 'blabla'),
(60,'Adam', 28, 'DEV_OPS', 'USA', 'MIDDLE', 2100, 'ADVANCED', 'blabla'),
(61,'Artur', 22, 'JAVA_DEV', 'UKRAINE', 'SENIOR', 2200, 'BEGINNER', 'blabla'),
(62,'John', 25, 'DESIGN', 'EUROPE', 'SENIOR', 2300, 'ADVANCED', 'blabla'),
(63,'Steve', 30, 'SALES', 'OTHER', 'SENIOR', 2400, 'PRE_INTERMEDIATE', 'blabla'),
(64,'Viktoria', 19, 'PROJECT_MANAGER', 'USA', 'SENIOR', 2500, 'INTERMEDIATE', 'blabla'),
(65,'Eva', 35, 'BUSINESS_ANALYST', 'EUROPE', 'SENIOR', 2600, 'UPPER_INTERMEDIATE', 'blabla'),
(66,'Adam', 28, 'DEV_OPS', 'USA', 'SENIOR', 2700, 'ADVANCED', 'blabla'),
(67,'Mykola', 35, 'JS_DEV', 'USA', 'MIDDLE', 2000, 'UPPER_INTERMEDIATE', 'blabla'),
(68,'Petro', 5, 'SALES', 'ASIA', 'SENIOR', 3000, 'ADVANCED', 'blabla'),
(160,'Adriana', 22, 'QA', 'UKRAINE', 'TRAINEE', 500, 'UPPER_INTERMEDIATE', 'blabla'),

(75,'Nastia', 25, 'QA', 'UKRAINE', 'JUNIOR', 1000, 'BEGINNER', 'blabla'),
(76,'Adriana', 25, 'QA', 'UKRAINE', 'JUNIOR', 1000, 'INTERMEDIATE', 'blabla'),
(77,'Petro', 25, 'QA', 'UKRAINE', 'JUNIOR', 1000, 'UPPER_INTERMEDIATE', 'blabla'),
(78,'Mykola', 25, 'QA', 'UKRAINE', 'JUNIOR', 1000, 'ADVANCED', 'blabla'),
(79,'Adam', 25, 'QA', 'UKRAINE', 'JUNIOR', 1000, 'PRE_INTERMEDIATE', 'blabla'),
(80,'Nastia', 25, 'QA', 'UKRAINE', 'MIDDLE', 1000, 'NO_ENGLISH', 'blabla'),
(81,'Eva', 25, 'QA', 'UKRAINE', 'MIDDLE', 1000, 'BEGINNER', 'blabla'),
(82,'Viktoria', 25, 'QA', 'UKRAINE', 'MIDDLE', 1000, 'INTERMEDIATE', 'blabla'),
(83,'Steve', 25, 'QA', 'UKRAINE', 'MIDDLE', 1000, 'UPPER_INTERMEDIATE', 'blabla'),
(84,'John', 25, 'QA', 'UKRAINE', 'MIDDLE', 1000, 'ADVANCED', 'blabla'),
(85,'Artur', 25, 'QA', 'UKRAINE', 'MIDDLE', 1000, 'PRE_INTERMEDIATE', 'blabla'),
(86,'Adam', 25, 'QA', 'UKRAINE', 'SENIOR', 1000, 'NO_ENGLISH', 'blabla'),
(87,'Oksana', 25, 'QA', 'UKRAINE', 'SENIOR', 1000, 'BEGINNER', 'blabla'),
(88,'Lera', 25, 'QA', 'UKRAINE', 'SENIOR', 1000, 'INTERMEDIATE', 'blabla'),
(89,'Lev', 25, 'QA', 'UKRAINE', 'SENIOR', 1000, 'UPPER_INTERMEDIATE', 'blabla'),
(90,'Larysa', 25, 'QA', 'UKRAINE', 'SENIOR', 1000, 'ADVANCED', 'blabla'),
(91,'Kostia', 25, 'QA', 'UKRAINE', 'SENIOR', 1000, 'PRE_INTERMEDIATE', 'blabla'),

(92,'Kate', 25, 'QA', 'ASIA', 'JUNIOR', 1000, 'BEGINNER', 'blabla'),
(93,'Ira', 25, 'QA', 'ASIA', 'JUNIOR', 1000, 'INTERMEDIATE', 'blabla'),
(94,'Ilona', 25, 'QA', 'ASIA', 'JUNIOR', 1000, 'UPPER_INTERMEDIATE', 'blabla'),
(95,'Ihor', 25, 'QA', 'ASIA', 'JUNIOR', 1000, 'ADVANCED', 'blabla'),
(96,'Katrine', 25, 'QA', 'ASIA', 'JUNIOR', 1000, 'PRE_INTERMEDIATE', 'blabla'),
(97,'Ivan', 25, 'QA', 'ASIA', 'MIDDLE', 1000, 'NO_ENGLISH', 'blabla'),
(98,'Daniel', 25, 'QA', 'ASIA', 'MIDDLE', 1000, 'BEGINNER', 'blabla'),
(99,'Dana', 25, 'QA', 'ASIA', 'MIDDLE', 1000, 'INTERMEDIATE', 'blabla'),
(100,'Marcel', 25, 'QA', 'ASIA', 'MIDDLE', 1000, 'UPPER_INTERMEDIATE', 'blabla'),
(101,'Jerome', 25, 'QA', 'ASIA', 'MIDDLE', 1000, 'ADVANCED', 'blabla'),
(102,'Francisco', 25, 'QA', 'ASIA', 'MIDDLE', 1000, 'PRE_INTERMEDIATE', 'blabla'),
(103,'Matt', 25, 'QA', 'ASIA', 'SENIOR', 1000, 'NO_ENGLISH', 'blabla'),
(104,'Macej', 25, 'QA', 'ASIA', 'SENIOR', 1000, 'BEGINNER', 'blabla'),
(105,'John', 25, 'QA', 'ASIA', 'SENIOR', 1000, 'INTERMEDIATE', 'blabla'),
(106,'Russ', 25, 'QA', 'ASIA', 'SENIOR', 1000, 'UPPER_INTERMEDIATE', 'blabla'),
(107,'Cortney', 25, 'QA', 'ASIA', 'SENIOR', 1000, 'ADVANCED', 'blabla'),
(108,'Bharat', 25, 'QA', 'ASIA', 'SENIOR', 1000, 'PRE_INTERMEDIATE', 'blabla'),

(109,'Imran', 25, 'QA', 'USA', 'JUNIOR', 1000, 'BEGINNER', 'blabla'),
(110,'Samanta', 25, 'QA', 'USA', 'JUNIOR', 1000, 'INTERMEDIATE', 'blabla'),
(111,'Valeria', 25, 'QA', 'USA', 'JUNIOR', 1000, 'UPPER_INTERMEDIATE', 'blabla'),
(112,'Valentyn', 25, 'QA', 'USA', 'JUNIOR', 1000, 'ADVANCED', 'blabla'),
(113,'Varvara', 25, 'QA', 'USA', 'JUNIOR', 1000, 'PRE_INTERMEDIATE', 'blabla'),
(114,'Vika', 25, 'QA', 'USA', 'MIDDLE', 1000, 'NO_ENGLISH', 'blabla'),
(115,'Vita', 25, 'QA', 'USA', 'MIDDLE', 1000, 'BEGINNER', 'blabla'),
(116,'Valentyn', 25, 'QA', 'USA', 'MIDDLE', 1000, 'INTERMEDIATE', 'blabla'),
(117,'Inna', 25, 'QA', 'USA', 'MIDDLE', 1000, 'UPPER_INTERMEDIATE', 'blabla'),
(118,'Olia', 25, 'QA', 'USA', 'MIDDLE', 1000, 'ADVANCED', 'blabla'),
(119,'Vitaliy', 25, 'QA', 'USA', 'MIDDLE', 1000, 'PRE_INTERMEDIATE', 'blabla'),
(120,'Vlad', 25, 'QA', 'USA', 'SENIOR', 1000, 'NO_ENGLISH', 'blabla'),
(121,'Volodumyr', 25, 'QA', 'USA', 'SENIOR', 1000, 'BEGINNER', 'blabla'),
(122,'Hanna', 25, 'QA', 'USA', 'SENIOR', 1000, 'INTERMEDIATE', 'blabla'),
(123,'Jeorge', 25, 'QA', 'USA', 'SENIOR', 1000, 'UPPER_INTERMEDIATE', 'blabla'),
(124,'Nastia', 25, 'QA', 'USA', 'SENIOR', 1000, 'ADVANCED', 'blabla'),
(125,'Nastia', 25, 'QA', 'USA', 'SENIOR', 1000, 'PRE_INTERMEDIATE', 'blabla'),

(126,'Nastia', 25, 'QA', 'EUROPE', 'JUNIOR', 1000, 'BEGINNER', 'blabla'),
(127,'Nastia', 25, 'QA', 'EUROPE', 'JUNIOR', 1000, 'INTERMEDIATE', 'blabla'),
(128,'Nastia', 25, 'QA', 'EUROPE', 'JUNIOR', 1000, 'UPPER_INTERMEDIATE', 'blabla'),
(129,'Nastia', 25, 'QA', 'EUROPE', 'JUNIOR', 1000, 'ADVANCED', 'blabla'),
(130,'Nastia', 25, 'QA', 'EUROPE', 'JUNIOR', 1000, 'PRE_INTERMEDIATE', 'blabla'),
(131,'Nastia', 25, 'QA', 'EUROPE', 'MIDDLE', 1000, 'NO_ENGLISH', 'blabla'),
(132,'Nastia', 25, 'QA', 'EUROPE', 'MIDDLE', 1000, 'BEGINNER', 'blabla'),
(133,'Nastia', 25, 'QA', 'EUROPE', 'MIDDLE', 1000, 'INTERMEDIATE', 'blabla'),
(134,'Nastia', 25, 'QA', 'EUROPE', 'MIDDLE', 1000, 'UPPER_INTERMEDIATE', 'blabla'),
(135,'Nastia', 25, 'QA', 'EUROPE', 'MIDDLE', 1000, 'ADVANCED', 'blabla'),
(136,'Nastia', 25, 'QA', 'EUROPE', 'MIDDLE', 1000, 'PRE_INTERMEDIATE', 'blabla'),
(137,'Nastia', 25, 'QA', 'EUROPE', 'SENIOR', 1000, 'NO_ENGLISH', 'blabla'),
(138,'Nastia', 25, 'QA', 'EUROPE', 'SENIOR', 1000, 'BEGINNER', 'blabla'),
(139,'Nastia', 25, 'QA', 'EUROPE', 'SENIOR', 1000, 'INTERMEDIATE', 'blabla'),
(140,'Nastia', 25, 'QA', 'EUROPE', 'SENIOR', 1000, 'UPPER_INTERMEDIATE', 'blabla'),
(141,'Nastia', 25, 'QA', 'EUROPE', 'SENIOR', 1000, 'ADVANCED', 'blabla'),
(142,'Nastia', 25, 'QA', 'EUROPE', 'SENIOR', 1000, 'PRE_INTERMEDIATE', 'blabla'),

(143,'Nastia', 25, 'QA', 'OTHER', 'JUNIOR', 1000, 'BEGINNER', 'blabla'),
(144,'Nastia', 25, 'QA', 'OTHER', 'JUNIOR', 1000, 'INTERMEDIATE', 'blabla'),
(145,'Nastia', 25, 'QA', 'OTHER', 'JUNIOR', 1000, 'UPPER_INTERMEDIATE', 'blabla'),
(146,'Nastia', 25, 'QA', 'OTHER', 'JUNIOR', 1000, 'ADVANCED', 'blabla'),
(147,'Nastia', 25, 'QA', 'OTHER', 'JUNIOR', 1000, 'PRE_INTERMEDIATE', 'blabla'),
(148,'Nastia', 25, 'QA', 'OTHER', 'MIDDLE', 1000, 'NO_ENGLISH', 'blabla'),
(149,'Nastia', 25, 'QA', 'OTHER', 'MIDDLE', 1000, 'BEGINNER', 'blabla'),
(150,'Nastia', 25, 'QA', 'OTHER', 'MIDDLE', 1000, 'INTERMEDIATE', 'blabla'),
(151,'Nastia', 25, 'QA', 'OTHER', 'MIDDLE', 1000, 'UPPER_INTERMEDIATE', 'blabla'),
(152,'Nastia', 25, 'QA', 'OTHER', 'MIDDLE', 1000, 'ADVANCED', 'blabla'),
(153,'Nastia', 25, 'QA', 'OTHER', 'MIDDLE', 1000, 'PRE_INTERMEDIATE', 'blabla'),
(154,'Nastia', 25, 'QA', 'OTHER', 'SENIOR', 1000, 'NO_ENGLISH', 'blabla'),
(155,'Nastia', 25, 'QA', 'OTHER', 'SENIOR', 1000, 'BEGINNER', 'blabla'),
(156,'Nastia', 25, 'QA', 'OTHER', 'SENIOR', 1000, 'INTERMEDIATE', 'blabla'),
(157,'Nastia', 25, 'QA', 'OTHER', 'SENIOR', 1000, 'UPPER_INTERMEDIATE', 'blabla'),
(158,'Nastia', 25, 'QA', 'OTHER', 'SENIOR', 1000, 'ADVANCED', 'blabla'),
(159,'Nastia', 25, 'QA', 'OTHER', 'SENIOR', 1000, 'PRE_INTERMEDIATE', 'blabla');

